Campus:,"Njala Campus"
Program:,"Bachelor of Science with Honours in Agriculture General"
Intake:,October
Level:,"Year II"
"Program mode:",Day
"Exam mark sheet:","Principles of Crop Protection [COP 211, 3]"

S/N,"Student ID",Names,CAT/30,Exam/70
1,76679,"Abu KAMARA",,
2,76704,"Lahai SANDY",,
3,76703,"Abubakarr SENESIE",,
4,76685,"Morie AMARA",,
5,76693,"Zorokong BAIMBA",,
6,68818,"Lamin BANGURA",,
7,76683,"Julius BULLIE",,
8,76694,"Thomas COOPER",,
9,56082,"Tejan GASSIMU",,
10,76701,"Devine JAWARD",,
11,76697,"Foday JEKOI",,
12,76687,"Aminata KAMARA",,
13,76688,"Cherinor KAMARA",,
14,76926,"Alusine KANU",,
15,76700,"Gibrill KANU",,
16,76681,"Seibatu KUGBEI",,
17,76691,"Mohamed LAHAI",,
18,68845,"Alhaji LAMBOI",,
19,76696,"Hassan LANSANA",,
20,76707,"Kalfala MANYEH",,
21,76680,"Sidie MASSAQUOI",,
22,76682,"Patient MORLAI",,
23,76706,"Alhaji MORLIA",,
24,76686,"Massah NABIEU",,
25,76684,"Daniel SAM",,
26,73065,"Fatima SANNOH",,
27,76908,"Solomon SENESIE",,
28,76695,"Christiana SESAY",,
29,76905,"Amara SHERIFF",,
30,76690,"Verfee SHERIFF",,
31,76705,"Patrick SQUIRE",,
