"Module Code","Module Name",Campus,"Program Type",Department
"ICT 111","Introduction to Computer","Njala Campus",Undergraduate,"AGRICULTURAL EXTENSION AND RURAL SOCIOLOGY"
"ACM 111","Introduction to Agricultural Communication ","Njala Campus",Undergraduate,"AGRICULTURAL EXTENSION AND RURAL SOCIOLOGY"
"GEST 111","General English Studies","Njala Campus",Undergraduate,"AGRICULTURAL EXTENSION AND RURAL SOCIOLOGY"
"CHEM 110","General Chemistry","Njala Campus",Undergraduate,"AGRICULTURAL EXTENSION AND RURAL SOCIOLOGY"
"ABM 111","Business Mathematics","Njala Campus",Undergraduate,"AGRICULTURAL EXTENSION AND RURAL SOCIOLOGY"
"BIOL 111","Cellular and Molecular Biology","Njala Campus",Undergraduate,"AGRICULTURAL EXTENSION AND RURAL SOCIOLOGY"
"AGR 111","Introduction to Agriculture","Njala Campus",Undergraduate,"AGRICULTURAL EXTENSION AND RURAL SOCIOLOGY"
"ACM 121","Intro. to Mass Media","Njala Campus",Undergraduate,"AGRICULTURAL EXTENSION AND RURAL SOCIOLOGY"
"PHYS 120","General Physics","Njala Campus",Undergraduate,"AGRICULTURAL EXTENSION AND RURAL SOCIOLOGY"
"ICT 122","Introduction to Computer","Njala Campus",Undergraduate,"AGRICULTURAL EXTENSION AND RURAL SOCIOLOGY"
"BIOL 122","Intro. to Botany Zoology & Ecology","Njala Campus",Undergraduate,"AGRICULTURAL EXTENSION AND RURAL SOCIOLOGY"
"GEST 122","General English Studies","Njala Campus",Undergraduate,"AGRICULTURAL EXTENSION AND RURAL SOCIOLOGY"
"AGR 122","Introduction to Agriculture","Njala Campus",Undergraduate,"AGRICULTURAL EXTENSION AND RURAL SOCIOLOGY"
"ABM 122","Business Mathematics","Njala Campus",Undergraduate,"AGRICULTURAL EXTENSION AND RURAL SOCIOLOGY"
"ACM 211","Media History","Njala Campus",Undergraduate,"AGRICULTURAL EXTENSION AND RURAL SOCIOLOGY"
"BIOL 211","Plant Taxonomy and Morphology","Njala Campus",Undergraduate,"AGRICULTURAL EXTENSION AND RURAL SOCIOLOGY"
"SOS 211","Fundamental of Soil Science","Njala Campus",Undergraduate,"AGRICULTURAL EXTENSION AND RURAL SOCIOLOGY"
"COS 211","Principles of Crop production and West African Farming System","Njala Campus",Undergraduate,"AGRICULTURAL EXTENSION AND RURAL SOCIOLOGY"
"GEST 211","General English Studies","Njala Campus",Undergraduate,"AGRICULTURAL EXTENSION AND RURAL SOCIOLOGY"
"ANS 211","Animal Anatomy, Nutrition and Diseases","Njala Campus",Undergraduate,"AGRICULTURAL EXTENSION AND RURAL SOCIOLOGY"
"COP 211","Intro. to Crop protection","Njala Campus",Undergraduate,"AGRICULTURAL EXTENSION AND RURAL SOCIOLOGY"
"GEST 223","General English Studies","Njala Campus",Undergraduate,"AGRICULTURAL EXTENSION AND RURAL SOCIOLOGY"
"MATH 281","Applied Statistics","Njala Campus",Undergraduate,"AGRICULTURAL EXTENSION AND RURAL SOCIOLOGY"
"AEC 222","Intro. Micro and Macro Economics","Njala Campus",Undergraduate,"AGRICULTURAL EXTENSION AND RURAL SOCIOLOGY"
"AGE 228","Intro. to Agricultural Engineering","Njala Campus",Undergraduate,"AGRICULTURAL EXTENSION AND RURAL SOCIOLOGY"
"AEX 221","Intro. to Agricultural Extension and Communication","Njala Campus",Undergraduate,"AGRICULTURAL EXTENSION AND RURAL SOCIOLOGY"
"FTN 224","Right to Food","Njala Campus",Undergraduate,"AGRICULTURAL EXTENSION AND RURAL SOCIOLOGY"
"ACM 312","Print Media","Njala Campus",Undergraduate,"AGRICULTURAL EXTENSION AND RURAL SOCIOLOGY"
"ACM 313","Electronic Media","Njala Campus",Undergraduate,"AGRICULTURAL EXTENSION AND RURAL SOCIOLOGY"
"AEX 311","Soil Science Research Methodology","Njala Campus",Undergraduate,"AGRICULTURAL EXTENSION AND RURAL SOCIOLOGY"
"EED 301","Entrepreneurship Education","Njala Campus",Undergraduate,"AGRICULTURAL EXTENSION AND RURAL SOCIOLOGY"
"AEX 314","Planning Monitoring and Evaluation","Njala Campus",Undergraduate,"AGRICULTURAL EXTENSION AND RURAL SOCIOLOGY"
"ACM 311","Agric. Stats. And Data Analysis","Njala Campus",Undergraduate,"AGRICULTURAL EXTENSION AND RURAL SOCIOLOGY"
"ACM 314","Production of Media Materials I","Njala Campus",Undergraduate,"AGRICULTURAL EXTENSION AND RURAL SOCIOLOGY"
"ACM 3216","Reporting and Story Telling","Njala Campus",Undergraduate,"AGRICULTURAL EXTENSION AND RURAL SOCIOLOGY"
"ACM 3212","Media Law & Ethics","Njala Campus",Undergraduate,"AGRICULTURAL EXTENSION AND RURAL SOCIOLOGY"
"ACM 3214","Design and Management of Development Interventions","Njala Campus",Undergraduate,"AGRICULTURAL EXTENSION AND RURAL SOCIOLOGY"
"AEX 323","Intro. to Managing Agric and Rural Projects","Njala Campus",Undergraduate,"AGRICULTURAL EXTENSION AND RURAL SOCIOLOGY"
"ACM 3215","Internet Based Communication","Njala Campus",Undergraduate,"AGRICULTURAL EXTENSION AND RURAL SOCIOLOGY"
"ACM 3245","Production of Media Materials II","Njala Campus",Undergraduate,"AGRICULTURAL EXTENSION AND RURAL SOCIOLOGY"
"EED 302","Entrepreneurship Education","Njala Campus",Undergraduate,"AGRICULTURAL EXTENSION AND RURAL SOCIOLOGY"
"ACM 3213","Marketing Advert & Prod of Agric Comm","Njala Campus",Undergraduate,"AGRICULTURAL EXTENSION AND RURAL SOCIOLOGY"
"ACM 412","Development Communication","Njala Campus",Undergraduate,"AGRICULTURAL EXTENSION AND RURAL SOCIOLOGY"
"ACM 401","New Age Media","Njala Campus",Undergraduate,"AGRICULTURAL EXTENSION AND RURAL SOCIOLOGY"
"ACM 411","Management Information System","Njala Campus",Undergraduate,"AGRICULTURAL EXTENSION AND RURAL SOCIOLOGY"
"ACM 415","Public Relation","Njala Campus",Undergraduate,"AGRICULTURAL EXTENSION AND RURAL SOCIOLOGY"
"AEX 412","Crosscutting Issues in Extension","Njala Campus",Undergraduate,"AGRICULTURAL EXTENSION AND RURAL SOCIOLOGY"
"ACM 414","Production of Media Materials","Njala Campus",Undergraduate,"AGRICULTURAL EXTENSION AND RURAL SOCIOLOGY"
"MATHS 111",Pre-Calculus,"Njala Campus",Undergraduate,"AGRICULTURAL EXTENSION AND RURAL SOCIOLOGY"
"PHYS 111","General Physics I","Njala Campus",Undergraduate,"AGRICULTURAL EXTENSION AND RURAL SOCIOLOGY"
"MATHS 112","Probability, Statistics and Calculus","Njala Campus",Undergraduate,"AGRICULTURAL EXTENSION AND RURAL SOCIOLOGY"
"CHEM 123","General Chemistry","Njala Campus",Undergraduate,"AGRICULTURAL EXTENSION AND RURAL SOCIOLOGY"
"PHYS 122","General Physics II","Njala Campus",Undergraduate,"AGRICULTURAL EXTENSION AND RURAL SOCIOLOGY"
"CHEM 2110","Introduction to Organic Chemistry","Njala Campus",Undergraduate,"AGRICULTURAL EXTENSION AND RURAL SOCIOLOGY"
"GEST 213","General English Studies","Njala Campus",Undergraduate,"AGRICULTURAL EXTENSION AND RURAL SOCIOLOGY"
"CHEM 2213","Organic Chemistry","Njala Campus",Undergraduate,"AGRICULTURAL EXTENSION AND RURAL SOCIOLOGY"
"ACE 222","Intro. to Micro & Macroeconomics","Njala Campus",Undergraduate,"AGRICULTURAL EXTENSION AND RURAL SOCIOLOGY"
"AEX 312","Natural Resources Management","Njala Campus",Undergraduate,"AGRICULTURAL EXTENSION AND RURAL SOCIOLOGY"
"AEX 313","Communication Practice in Extension","Njala Campus",Undergraduate,"AGRICULTURAL EXTENSION AND RURAL SOCIOLOGY"
"AEC 311","Farm Production and Management","Njala Campus",Undergraduate,"AGRICULTURAL EXTENSION AND RURAL SOCIOLOGY"
"AEX 322","Community Development Studies","Njala Campus",Undergraduate,"AGRICULTURAL EXTENSION AND RURAL SOCIOLOGY"
"AEX 321","Technological Change in Rural Development","Njala Campus",Undergraduate,"AGRICULTURAL EXTENSION AND RURAL SOCIOLOGY"
"AEC 321","Agric Marketing","Njala Campus",Undergraduate,"AGRICULTURAL EXTENSION AND RURAL SOCIOLOGY"
"AEX 326","Rural Community, Social Organizations","Njala Campus",Undergraduate,"AGRICULTURAL EXTENSION AND RURAL SOCIOLOGY"
"AEC 324","Agricultural Credit and Finance","Njala Campus",Undergraduate,"AGRICULTURAL EXTENSION AND RURAL SOCIOLOGY"
"AEX 413","Indigenous Knowledge System","Njala Campus",Undergraduate,"AGRICULTURAL EXTENSION AND RURAL SOCIOLOGY"
"AEX 415","Social Chang Processes","Njala Campus",Undergraduate,"AGRICULTURAL EXTENSION AND RURAL SOCIOLOGY"
"AEX 401","Computer Application in Social Sciences","Njala Campus",Undergraduate,"AGRICULTURAL EXTENSION AND RURAL SOCIOLOGY"
"AEX 411","Adoption and Diffusion of Tech. Innovation","Njala Campus",Undergraduate,"AGRICULTURAL EXTENSION AND RURAL SOCIOLOGY"
"AEX 414","Comparative Extension Systems and Policies","Njala Campus",Undergraduate,"AGRICULTURAL EXTENSION AND RURAL SOCIOLOGY"
"ANS 311","Reproductive Physiology","Njala Campus",Undergraduate,"ANIMAL SCIENCE"
"ANS 312",Physiology,"Njala Campus",Undergraduate,"ANIMAL SCIENCE"
"ANS 313","Animal Biotechnology","Njala Campus",Undergraduate,"ANIMAL SCIENCE"
"ANS 314","Grassland Management","Njala Campus",Undergraduate,"ANIMAL SCIENCE"
"ANS 315","Animal Production and the Environment","Njala Campus",Undergraduate,"ANIMAL SCIENCE"
"AGR 315","Research Methods in Agriculture","Njala Campus",Undergraduate,"ANIMAL SCIENCE"
"CHEM 3136","Biochemistry ","Njala Campus",Undergraduate,"ANIMAL SCIENCE"
"EED 301","Entrepreneurship Education","Njala Campus",Undergraduate,"ANIMAL SCIENCE"
"ANS 321","Animal Breeding and Genetics","Njala Campus",Undergraduate,"ANIMAL SCIENCE"
"ANS 322","Specific Diseases","Njala Campus",Undergraduate,"ANIMAL SCIENCE"
"ANS 323","Animal Nutrition 2","Njala Campus",Undergraduate,"ANIMAL SCIENCE"
"ANS 324","Meat Technology","Njala Campus",Undergraduate,"ANIMAL SCIENCE"
"ANS 325","Introduction to Immunology","Njala Campus",Undergraduate,"ANIMAL SCIENCE"
"ANS 328","Dairy Production","Njala Campus",Undergraduate,"ANIMAL SCIENCE"
"EED 302","Entrepreneurship Education","Njala Campus",Undergraduate,"ANIMAL SCIENCE"
"ANS 412","Poultry Production and Management","Njala Campus",Undergraduate,"ANIMAL SCIENCE"
"ANS 418","Large Management Production","Njala Campus",Undergraduate,"ANIMAL SCIENCE"
"ANS 414","Meat Technology 2","Njala Campus",Undergraduate,"ANIMAL SCIENCE"
"ANS 413","Swine Production and Management","Njala Campus",Undergraduate,"ANIMAL SCIENCE"
"ANS 419","Laboratory Analysis and Instrumentation","Njala Campus",Undergraduate,"ANIMAL SCIENCE"
"ANS 417","Animal Biotechnology","Njala Campus",Undergraduate,"ANIMAL SCIENCE"
"ANS 415","Poultry Hatchery Management","Njala Campus",Undergraduate,"ANIMAL SCIENCE"
"ANS 416","Small Ruminant Production","Njala Campus",Undergraduate,"ANIMAL SCIENCE"
"ABM 111","Business Mathematics","Njala Campus",Undergraduate,"BIOLOGOCAL SCIENCES"
"ICT 111","Introduction to Computer","Njala Campus",Undergraduate,"BIOLOGOCAL SCIENCES"
"CHEM 110","Basic Chemistry","Njala Campus",Undergraduate,"BIOLOGOCAL SCIENCES"
"AGR 111","Introduction to Agriculture","Njala Campus",Undergraduate,"BIOLOGOCAL SCIENCES"
"BIOL 111","Cellular & Molecular Biology","Njala Campus",Undergraduate,"BIOLOGOCAL SCIENCES"
"GEST 111","General English Studies","Njala Campus",Undergraduate,"BIOLOGOCAL SCIENCES"
"ABM 115","Bookkeeping and Accounting","Njala Campus",Undergraduate,"BIOLOGOCAL SCIENCES"
"ICT 122","Introduction to Computer","Njala Campus",Undergraduate,"BIOLOGOCAL SCIENCES"
"ABM 121","Agri Preneurship","Njala Campus",Undergraduate,"BIOLOGOCAL SCIENCES"
"ABM 122","Business Mathematics","Njala Campus",Undergraduate,"BIOLOGOCAL SCIENCES"
"AGR 122","Introduction to Agriculture","Njala Campus",Undergraduate,"BIOLOGOCAL SCIENCES"
"BIOL 122","Intro. to Botany Zoology & Ecology","Njala Campus",Undergraduate,"BIOLOGOCAL SCIENCES"
"PHYS 120","General Physics ","Njala Campus",Undergraduate,"BIOLOGOCAL SCIENCES"
"GEST 122","General English Studies","Njala Campus",Undergraduate,"BIOLOGOCAL SCIENCES"
"ABM 219","Macro and Micro Econometric","Njala Campus",Undergraduate,"BIOLOGOCAL SCIENCES"
"AEC 211","Introduction to Micro and Macro Economics","Njala Campus",Undergraduate,"BIOLOGOCAL SCIENCES"
"ABM 218","Introduction to Research Method","Njala Campus",Undergraduate,"BIOLOGOCAL SCIENCES"
"ABM 217","Agri-Preneurship and Business Environment","Njala Campus",Undergraduate,"BIOLOGOCAL SCIENCES"
"GEST 213","General English Studies","Njala Campus",Undergraduate,"BIOLOGOCAL SCIENCES"
"COS 211","Principles of Crop production and West African Farming System","Njala Campus",Undergraduate,"BIOLOGOCAL SCIENCES"
"ANS 211","Animal Anatomy, Nutrition & Diseases","Njala Campus",Undergraduate,"BIOLOGOCAL SCIENCES"
"AEX 221","Introduction to Agricultural Extension and Communication","Njala Campus",Undergraduate,"BIOLOGOCAL SCIENCES"
"ABM 2210","Production and Operations Management ","Njala Campus",Undergraduate,"BIOLOGOCAL SCIENCES"
"ABM 2219","Strategic Agribusiness Management","Njala Campus",Undergraduate,"BIOLOGOCAL SCIENCES"
"FTN 224","Right to Food","Njala Campus",Undergraduate,"BIOLOGOCAL SCIENCES"
"ABM 2212","Quantitative Methods","Njala Campus",Undergraduate,"BIOLOGOCAL SCIENCES"
"GEST 223","General English ","Njala Campus",Undergraduate,"BIOLOGOCAL SCIENCES"
"ABM 2213","Managerial Economics","Njala Campus",Undergraduate,"BIOLOGOCAL SCIENCES"
"EED 301","Entrepreneurship Education","Njala Campus",Undergraduate,"BIOLOGOCAL SCIENCES"
"ABM 3115","Farming as a Business","Njala Campus",Undergraduate,"BIOLOGOCAL SCIENCES"
"ABM 3117","Food and Agribusiness","Njala Campus",Undergraduate,"BIOLOGOCAL SCIENCES"
"COS 316","Crop Production Management","Njala Campus",Undergraduate,"BIOLOGOCAL SCIENCES"
"ABM 3116","Research Methods in Agribusiness","Njala Campus",Undergraduate,"BIOLOGOCAL SCIENCES"
"ANS 411","Livestock Production Management","Njala Campus",Undergraduate,"BIOLOGOCAL SCIENCES"
"AEC 311","Farm Production Management","Njala Campus",Undergraduate,"BIOLOGOCAL SCIENCES"
"EED 302","Entrepreneurship Education","Njala Campus",Undergraduate,"BIOLOGOCAL SCIENCES"
"AEC 321","Agric Marketing","Njala Campus",Undergraduate,"BIOLOGOCAL SCIENCES"
"ABM 3220","Agricultural Credit and Finance","Njala Campus",Undergraduate,"BIOLOGOCAL SCIENCES"
"ABM 3218","Project Planning and Analysis","Njala Campus",Undergraduate,"BIOLOGOCAL SCIENCES"
"ABM 3221","Agricultural Knowledge System","Njala Campus",Undergraduate,"BIOLOGOCAL SCIENCES"
"AEX 323","Intro. to Managing Agriculture and Rural Project","Njala Campus",Undergraduate,"BIOLOGOCAL SCIENCES"
"ABM 3219","Agribusiness Management","Njala Campus",Undergraduate,"BIOLOGOCAL SCIENCES"
"ABM 4125","International Business Law","Njala Campus",Undergraduate,"BIOLOGOCAL SCIENCES"
"ABM 4127","Managing Farming in Agribusiness","Njala Campus",Undergraduate,"BIOLOGOCAL SCIENCES"
"ABM 4129","Consumer Value Chain","Njala Campus",Undergraduate,"BIOLOGOCAL SCIENCES"
"ABM 4126","Risk Management","Njala Campus",Undergraduate,"BIOLOGOCAL SCIENCES"
"ABM 4130","Agriculture in Intern. Development","Njala Campus",Undergraduate,"BIOLOGOCAL SCIENCES"
"ABM 4128","Risk Management","Njala Campus",Undergraduate,"BIOLOGOCAL SCIENCES"
"GEST 111","General English Studies I","Njala Campus",Undergraduate,"ANIMAL SCIENCE"
"AHP 101","Livestock Production System","Njala Campus",Undergraduate,"ANIMAL SCIENCE"
"CHEM 111","General Chemistry","Njala Campus",Undergraduate,"ANIMAL SCIENCE"
"ICT 111","Information and Communication Technology I","Njala Campus",Undergraduate,"ANIMAL SCIENCE"
"MATHS 111",Pre-Calculus,"Njala Campus",Undergraduate,"ANIMAL SCIENCE"
"BIOL 111","Cellular and Molecular Biology","Njala Campus",Undergraduate,"ANIMAL SCIENCE"
"PHYS 111","General Physics I","Njala Campus",Undergraduate,"ANIMAL SCIENCE"
"AHP 121","Animal Nutrition and Pasture Management","Njala Campus",Undergraduate,"ANIMAL SCIENCE"
"MATHS 112","Probability Statistics and Calculus","Njala Campus",Undergraduate,"ANIMAL SCIENCE"
"ICT 122","Information and Communication Technology II","Njala Campus",Undergraduate,"ANIMAL SCIENCE"
"AHP 102","Anatomy Physiology and Farm Animals","Njala Campus",Undergraduate,"ANIMAL SCIENCE"
"CHEM 123","General Chemistry","Njala Campus",Undergraduate,"ANIMAL SCIENCE"
"BIOL 122","Intro. to Botany, Zoology and Ecology","Njala Campus",Undergraduate,"ANIMAL SCIENCE"
"PHYS 122","General Physics II","Njala Campus",Undergraduate,"ANIMAL SCIENCE"
"GEST 122","General English Studies II","Njala Campus",Undergraduate,"ANIMAL SCIENCE"
"AHP 212","Veterinary Anatomy & Physiology","Njala Campus",Undergraduate,"ANIMAL SCIENCE"
"AHP 213",Microbiology,"Njala Campus",Undergraduate,"ANIMAL SCIENCE"
"AHP 214","Entomology ","Njala Campus",Undergraduate,"ANIMAL SCIENCE"
"AHP 216","Animal Nutrition II","Njala Campus",Undergraduate,"ANIMAL SCIENCE"
"CHEM 2110","Intro. to Organic Chemistry","Njala Campus",Undergraduate,"ANIMAL SCIENCE"
"GEST 213","General English Studies","Njala Campus",Undergraduate,"ANIMAL SCIENCE"
"AHP 221","General Pathology","Njala Campus",Undergraduate,"ANIMAL SCIENCE"
"AHP 222","Ranch Business Planning and Pasture Management","Njala Campus",Undergraduate,"ANIMAL SCIENCE"
"AHP 223","Veterinary Helminthology","Njala Campus",Undergraduate,"ANIMAL SCIENCE"
"FTN 224","Right to Food","Njala Campus",Undergraduate,"ANIMAL SCIENCE"
"AHP 224","Principle Animal Breeding and Genetics","Njala Campus",Undergraduate,"ANIMAL SCIENCE"
"AHP 225","General Medicine","Njala Campus",Undergraduate,"ANIMAL SCIENCE"
"CHEM 2213","Organic Chemistry","Njala Campus",Undergraduate,"ANIMAL SCIENCE"
"AHP 311","Environmental Toxicology","Njala Campus",Undergraduate,"ANIMAL SCIENCE"
"AHP 313","Systemic Pathology","Njala Campus",Undergraduate,"ANIMAL SCIENCE"
"AHP 314","Reproductive Physiology","Njala Campus",Undergraduate,"ANIMAL SCIENCE"
"AHP 315","Ruminant Production","Njala Campus",Undergraduate,"ANIMAL SCIENCE"
"AHP 317","Intro. to Veterinary Immunology","Njala Campus",Undergraduate,"ANIMAL SCIENCE"
"AHP 322","Special and Diagnostic Pathology","Njala Campus",Undergraduate,"ANIMAL SCIENCE"
"AHP 323","Swine Production","Njala Campus",Undergraduate,"ANIMAL SCIENCE"
"AHP 324","Research Methodology","Njala Campus",Undergraduate,"ANIMAL SCIENCE"
"AHP 325","Poultry and Swine Medicine","Njala Campus",Undergraduate,"ANIMAL SCIENCE"
"AHP 326","Introduction to Animal Biotechnology","Njala Campus",Undergraduate,"ANIMAL SCIENCE"
"AHP 327","Livestock Production and Environment","Njala Campus",Undergraduate,"ANIMAL SCIENCE"
"AHP 412","Veterinary Epidemiology and Zoology","Njala Campus",Undergraduate,"ANIMAL SCIENCE"
"AHP 416","Poultry Production and Management","Njala Campus",Undergraduate,"ANIMAL SCIENCE"
"AHP 414","Veterinary Administration and Sursprudence","Njala Campus",Undergraduate,"ANIMAL SCIENCE"
"AHP 415","Veterinary Public Health","Njala Campus",Undergraduate,"ANIMAL SCIENCE"
"AHP 411","Animal Welfare","Njala Campus",Undergraduate,"ANIMAL SCIENCE"
"AHP 413","Herd Health and Production Economics","Njala Campus",Undergraduate,"ANIMAL SCIENCE"
"COP 211","Principles of Crop protection","Njala Campus",Undergraduate,"CROP SCIENCE"
"CHEM 2110","Introduction to Organic Chemistry","Njala Campus",Undergraduate,"CROP SCIENCE"
"ANS 211","Animal Anatomy, Nutrition and Diseases","Njala Campus",Undergraduate,"CROP SCIENCE"
"SOS 211","Fundamental of Soil Science","Njala Campus",Undergraduate,"CROP SCIENCE"
"COS 211","Principles of Crop Production and West African Farming System","Njala Campus",Undergraduate,"CROP SCIENCE"
"BIOL 211","Plant Taxonomy and Morphology","Njala Campus",Undergraduate,"CROP SCIENCE"
"GEST 213","General English Studies","Njala Campus",Undergraduate,"CROP SCIENCE"
"CHEM 2213"," Organic Chemistry","Njala Campus",Undergraduate,"CROP SCIENCE"
"FTN 224","Right to Food","Njala Campus",Undergraduate,"CROP SCIENCE"
"AEX 221","Introduction to Agricultural Extension and Communication","Njala Campus",Undergraduate,"CROP SCIENCE"
"GEST 223","General English Studies","Njala Campus",Undergraduate,"CROP SCIENCE"
"MATH 281","Applied Statistics","Njala Campus",Undergraduate,"CROP SCIENCE"
"AEC 222","Intro. to Micro & Macroeconomics","Njala Campus",Undergraduate,"CROP SCIENCE"
"AGE 228","Intro. to Agricultural Engineering","Njala Campus",Undergraduate,"CROP SCIENCE"
"COS 314","Principles of Crop Genetics","Njala Campus",Undergraduate,"CROP SCIENCE"
"EED 301","Entrepreneurship Education","Njala Campus",Undergraduate,"CROP SCIENCE"
"COP 311","Principles of Crop protection","Njala Campus",Undergraduate,"CROP SCIENCE"
"CHEM 3136",Biochemistry,"Njala Campus",Undergraduate,"CROP SCIENCE"
"AGR 328","Production and Management of Root and Tuber Crops","Njala Campus",Undergraduate,"CROP SCIENCE"
"ANS 311","Reproductive Physiology","Njala Campus",Undergraduate,"CROP SCIENCE"
"COS 311","Vegetable, Arable and Perennial Crop Production","Njala Campus",Undergraduate,"CROP SCIENCE"
"COS 322","Genetics and Crop Breeding","Njala Campus",Undergraduate,"CROP SCIENCE"
"ANS 322","Grassland Ruminant Production","Njala Campus",Undergraduate,"CROP SCIENCE"
"AGE 321","Land and Water Development","Njala Campus",Undergraduate,"CROP SCIENCE"
"EED 302","Entrepreneurship Education","Njala Campus",Undergraduate,"CROP SCIENCE"
"AEC 321","Agric Marketing","Njala Campus",Undergraduate,"CROP SCIENCE"
"SOS 327","Soil Fertility and Plant Nutrition","Njala Campus",Undergraduate,"CROP SCIENCE"
"AEX 323","Intro. to Managing Agric and Rural Projects","Njala Campus",Undergraduate,"CROP SCIENCE"
"COS 321","Environmental Physiology of Crop Plants","Njala Campus",Undergraduate,"CROP SCIENCE"
"AGE 4111","Farm Mechanization and Agro Processing","Njala Campus",Undergraduate,"CROP SCIENCE"
"ANS 411","Non- Ruminant Production","Njala Campus",Undergraduate,"CROP SCIENCE"
"AEX 412","Crosscutting Issues in Extension","Njala Campus",Undergraduate,"CROP SCIENCE"
"SOS 4111","Integrated Soil Fertility","Njala Campus",Undergraduate,"CROP SCIENCE"
"MATHS 111",Pre-Calculus,"Njala Campus",Undergraduate,"CROP SCIENCE"
"ICT 111","Introduction to Computer","Njala Campus",Undergraduate,"CROP SCIENCE"
"GEST 111","General English Studies","Njala Campus",Undergraduate,"CROP SCIENCE"
"CHEM 110","General Chemistry","Njala Campus",Undergraduate,"CROP SCIENCE"
"BIOL 111","Cellular and Molecular Biology","Njala Campus",Undergraduate,"CROP SCIENCE"
"PHYS 111","General Physics I","Njala Campus",Undergraduate,"CROP SCIENCE"
"AGR 111","Introduction to Agriculture I","Njala Campus",Undergraduate,"CROP SCIENCE"
"ICT 122","Introduction to Computer","Njala Campus",Undergraduate,"CROP SCIENCE"
"MATHS 112","Probability, Statistics and Calculus","Njala Campus",Undergraduate,"CROP SCIENCE"
"CHEM 123","General Chemistry","Njala Campus",Undergraduate,"CROP SCIENCE"
"GEST 122","General English Studies","Njala Campus",Undergraduate,"CROP SCIENCE"
"BIOL 122","Intro. to Botany Zoology & Ecology","Njala Campus",Undergraduate,"CROP SCIENCE"
"PHYS 122","General Physics II","Njala Campus",Undergraduate,"CROP SCIENCE"
"AGR 122","Introduction to Agriculture II","Njala Campus",Undergraduate,"CROP SCIENCE"
"CHEM 2110","Intro. to Organic Chemistry","Njala Campus",Undergraduate,"AGRIBUSINESS MANAGEMENT"
"FTN 211","Food Nutrition and Biochemistry","Njala Campus",Undergraduate,"AGRIBUSINESS MANAGEMENT"
"CCD 212","Clothing Construction and Human Figure Type","Njala Campus",Undergraduate,"AGRIBUSINESS MANAGEMENT"
"CCD 211","Human Development","Njala Campus",Undergraduate,"AGRIBUSINESS MANAGEMENT"
"GEST 213","General English Studies","Njala Campus",Undergraduate,"AGRIBUSINESS MANAGEMENT"
"HEC 213","Food Preparation Management and Recipe Development","Njala Campus",Undergraduate,"AGRIBUSINESS MANAGEMENT"
,,"Njala Campus",Undergraduate,"AGRIBUSINESS MANAGEMENT"
"NAD 212","Human Physiology and Pathology","Njala Campus",Undergraduate,"AGRIBUSINESS MANAGEMENT"
"CCD 224","Advance Textiles","Njala Campus",Undergraduate,"AGRIBUSINESS MANAGEMENT"
"GEST 223","General English Studies","Njala Campus",Undergraduate,"AGRIBUSINESS MANAGEMENT"
"FTN 224","Right to Food","Njala Campus",Undergraduate,"AGRIBUSINESS MANAGEMENT"
"NAD 223","Community Health and Public Health Nutrition","Njala Campus",Undergraduate,"AGRIBUSINESS MANAGEMENT"
"CHEM 2213","Organic Chemistry","Njala Campus",Undergraduate,"AGRIBUSINESS MANAGEMENT"
"CCD 223","Pattern Drafting and Human Figure Type II","Njala Campus",Undergraduate,"AGRIBUSINESS MANAGEMENT"
"GEST 111","General English Studies","Njala Campus",Undergraduate,CHEMISTRY
"BIOL 111","Cellular and Molecular Biology","Njala Campus",Undergraduate,CHEMISTRY
"CHEM 110","General Chemistry","Njala Campus",Undergraduate,CHEMISTRY
"PHYS 111","General Physics","Njala Campus",Undergraduate,CHEMISTRY
"ICT 111","Introduction to Computer","Njala Campus",Undergraduate,CHEMISTRY
"MATHS 111",Pre-Calculus,"Njala Campus",Undergraduate,CHEMISTRY
"HEC 111","Introduction to Home Economics","Njala Campus",Undergraduate,CHEMISTRY
"GEST 122","General English Studies","Njala Campus",Undergraduate,CHEMISTRY
"BIOL 122","Intro. to Botany, Zoology and Ecology","Njala Campus",Undergraduate,CHEMISTRY
"CHEM 123","General Chemistry","Njala Campus",Undergraduate,CHEMISTRY
"PHYS 122","General Physics II","Njala Campus",Undergraduate,CHEMISTRY
"ICT 122","Introduction to Computer","Njala Campus",Undergraduate,CHEMISTRY
"MATHS 112","Calculus, Statistics and Probability","Njala Campus",Undergraduate,CHEMISTRY
"HEC 122","Introduction to Home Economics","Njala Campus",Undergraduate,CHEMISTRY
"NAD 212","Human Physiology and Pathology","Njala Campus",Undergraduate,CHEMISTRY
"GEST 213","General English","Njala Campus",Undergraduate,CHEMISTRY
"FTN 211","Food and Nutrition Biochemistry","Njala Campus",Undergraduate,CHEMISTRY
"HEC 213","Food Preparation, Management and Recipe Development","Njala Campus",Undergraduate,CHEMISTRY
"AEC 211","Intro. To Micro and Macro","Njala Campus",Undergraduate,CHEMISTRY
"CHEM 2110","Organic Chemistry","Njala Campus",Undergraduate,CHEMISTRY
"GEST 223","General English","Njala Campus",Undergraduate,CHEMISTRY
"AEX 221","Intro. to Agricultural Extension and Communication","Njala Campus",Undergraduate,CHEMISTRY
"FTN 224","Right to Food","Njala Campus",Undergraduate,CHEMISTRY
"NAD 223","Community Health and Public Health Nutrition","Njala Campus",Undergraduate,CHEMISTRY
"HEC 224","Principles of Textiles, Fabric, Clothing and Construction","Njala Campus",Undergraduate,CHEMISTRY
"CHEM 2213","Organic Chemistry","Njala Campus",Undergraduate,CHEMISTRY
"FTN 223","Food Microbiology","Njala Campus",Undergraduate,CHEMISTRY
"EED 301","Entrepreneurship Education","Njala Campus",Undergraduate,CHEMISTRY
"NAD 3110","Human Nutrition","Njala Campus",Undergraduate,CHEMISTRY
"AEX 314","Planning Monitoring and Evaluation","Njala Campus",Undergraduate,CHEMISTRY
"HEC 315","Introduction to Home Management and Child Development","Njala Campus",Undergraduate,CHEMISTRY
"AEX 313","Communication Practice in Extension","Njala Campus",Undergraduate,CHEMISTRY
"CCD 315","Home Furnishing and Clothing Construction","Njala Campus",Undergraduate,CHEMISTRY
"AEX 311","Social Science Research Methodology","Njala Campus",Undergraduate,CHEMISTRY
"HEC 328","Research Methods","Njala Campus",Undergraduate,CHEMISTRY
"EED 302","Entrepreneurship Education","Njala Campus",Undergraduate,CHEMISTRY
"AEX 323","Intro. to Managing Agric and Rural Projects","Njala Campus",Undergraduate,CHEMISTRY
"AEX 326","Rural Community Social Organizations","Njala Campus",Undergraduate,CHEMISTRY
"FTN 3211","Food Marketing","Njala Campus",Undergraduate,CHEMISTRY
"CCD 3212","Home Furnishing and Clothing Construction","Njala Campus",Undergraduate,CHEMISTRY
"AEX 322","Community Development Studies","Njala Campus",Undergraduate,CHEMISTRY
"HEC 327","Housing Institutional Equipment and Advance Resource Management ","Njala Campus",Undergraduate,CHEMISTRY
"HES 419","Consumer Studies","Njala Campus",Undergraduate,CHEMISTRY
"HEC 4112","Food Processing and Preservation","Njala Campus",Undergraduate,CHEMISTRY
"AEX 412","Crosscutting Issues in Extension","Njala Campus",Undergraduate,CHEMISTRY
"AEX 401","Computer Applications in Social Sciences","Njala Campus",Undergraduate,CHEMISTRY
"HEC 4111","Research Methods","Njala Campus",Undergraduate,CHEMISTRY
"AEX 411","Adoption and Diffusion of Tech. Innovation","Njala Campus",Undergraduate,CHEMISTRY
"NAD 212","Human Physiology and Pathology","Njala Campus",Undergraduate,"INSTITUTE OF ENVIRONMENTAL MANAGEMENT AND QUALITY CONTROL"
"CHEM 2110","Intro. to Organic Chemistry","Njala Campus",Undergraduate,"INSTITUTE OF ENVIRONMENTAL MANAGEMENT AND QUALITY CONTROL"
"FTN 211","Food Nutrition and Biochemistry","Njala Campus",Undergraduate,"INSTITUTE OF ENVIRONMENTAL MANAGEMENT AND QUALITY CONTROL"
"HEC 213","Food Preparation Management and Recipe Development","Njala Campus",Undergraduate,"INSTITUTE OF ENVIRONMENTAL MANAGEMENT AND QUALITY CONTROL"
"NAD 211","Community health and public health Nutrition","Njala Campus",Undergraduate,"INSTITUTE OF ENVIRONMENTAL MANAGEMENT AND QUALITY CONTROL"
"GEST 212","General English","Njala Campus",Undergraduate,"INSTITUTE OF ENVIRONMENTAL MANAGEMENT AND QUALITY CONTROL"
"CHEM 2213"," Organic Chemistry","Njala Campus",Undergraduate,"INSTITUTE OF ENVIRONMENTAL MANAGEMENT AND QUALITY CONTROL"
"FTN 223","Food Microbiology","Njala Campus",Undergraduate,"INSTITUTE OF ENVIRONMENTAL MANAGEMENT AND QUALITY CONTROL"
"GEST 223","General English","Njala Campus",Undergraduate,"INSTITUTE OF ENVIRONMENTAL MANAGEMENT AND QUALITY CONTROL"
"FTN 224","Right to Food","Njala Campus",Undergraduate,"INSTITUTE OF ENVIRONMENTAL MANAGEMENT AND QUALITY CONTROL"
"NAD 224","Nutrition and Dietetics","Njala Campus",Undergraduate,"INSTITUTE OF ENVIRONMENTAL MANAGEMENT AND QUALITY CONTROL"
"NAD 223","Community Health and Public Health Nutrition","Njala Campus",Undergraduate,"INSTITUTE OF ENVIRONMENTAL MANAGEMENT AND QUALITY CONTROL"
"FTN 222","Food Toxicology Additives and Labeling","Njala Campus",Undergraduate,"INSTITUTE OF ENVIRONMENTAL MANAGEMENT AND QUALITY CONTROL"
"EED 301","Entrepreneurship Education","Njala Campus",Undergraduate,"SOIL SCIENCE"
"COP 3114","Weed Biology and Ecology","Njala Campus",Undergraduate,"SOIL SCIENCE"
"COP 312","Principles of Plant Pathology","Njala Campus",Undergraduate,"SOIL SCIENCE"
"COP 3220","Research Methodology","Njala Campus",Undergraduate,"SOIL SCIENCE"
"COP 313","Pests of Crops and their Control","Njala Campus",Undergraduate,"SOIL SCIENCE"
"COP 3111","Applied Weed Sciences","Njala Campus",Undergraduate,"SOIL SCIENCE"
"COP 324","Integrated Pest Management","Njala Campus",Undergraduate,"SOIL SCIENCE"
"COP 322","Applied Plant Pathology","Njala Campus",Undergraduate,"SOIL SCIENCE"
"COP 323","Insect-Pest Population Studies","Njala Campus",Undergraduate,"SOIL SCIENCE"
"EED 302","Entrepreneurship Education","Njala Campus",Undergraduate,"SOIL SCIENCE"
"COP 3225","Weed Control in Crops","Njala Campus",Undergraduate,"SOIL SCIENCE"
"AEC 321","Agricultural Marketing","Njala Campus",Undergraduate,"SOIL SCIENCE"
"AEX 323","Intro. to Managing Agriculture and Rural Dev. Programs","Njala Campus",Undergraduate,"SOIL SCIENCE"
"SOS 327","Soil Fertility and Management","Njala Campus",Undergraduate,"SOIL SCIENCE"
"COP 4111","Pest of Crops and their Control","Njala Campus",Undergraduate,"SOIL SCIENCE"
"COP 4112","Insect Biology and Ecology","Njala Campus",Undergraduate,"SOIL SCIENCE"
"COP 4113","Pesticide Properties and Application Methods","Njala Campus",Undergraduate,"SOIL SCIENCE"
"COP 4114","Biosystematics of Plant Pathogens","Njala Campus",Undergraduate,"SOIL SCIENCE"
"COP 4115","Techniques in Plant Pathology","Njala Campus",Undergraduate,"SOIL SCIENCE"
"SOS 313","Soil Physics","Njala Campus",Undergraduate,"INSTITUTE OF FOOD TECHNOLOGY AND CONSUMER STIDIES"
"SOS 316","Soil Mineralogy","Njala Campus",Undergraduate,"INSTITUTE OF FOOD TECHNOLOGY AND CONSUMER STIDIES"
"EED 301","Entrepreneurship Education","Njala Campus",Undergraduate,"INSTITUTE OF FOOD TECHNOLOGY AND CONSUMER STIDIES"
"CHEM 3136",Biochemistry,"Njala Campus",Undergraduate,"INSTITUTE OF FOOD TECHNOLOGY AND CONSUMER STIDIES"
"SOS 314","Soil Chemistry","Njala Campus",Undergraduate,"INSTITUTE OF FOOD TECHNOLOGY AND CONSUMER STIDIES"
"SOS 315","Soil Biology","Njala Campus",Undergraduate,"INSTITUTE OF FOOD TECHNOLOGY AND CONSUMER STIDIES"
"AGR 328","Research Methods","Njala Campus",Undergraduate,"INSTITUTE OF FOOD TECHNOLOGY AND CONSUMER STIDIES"
"EED 302","Entrepreneurship Education","Njala Campus",Undergraduate,"INSTITUTE OF FOOD TECHNOLOGY AND CONSUMER STIDIES"
"SOS 329","Soil and Plant Analysis ","Njala Campus",Undergraduate,"INSTITUTE OF FOOD TECHNOLOGY AND CONSUMER STIDIES"
"SOS 328","Soil Genesis Morphology and Classification","Njala Campus",Undergraduate,"INSTITUTE OF FOOD TECHNOLOGY AND CONSUMER STIDIES"
"SOS 327","Soil Fertility and Plant Nutrition","Njala Campus",Undergraduate,"INSTITUTE OF FOOD TECHNOLOGY AND CONSUMER STIDIES"
"SOS 3210","Research Methods in Soil Science","Njala Campus",Undergraduate,"INSTITUTE OF FOOD TECHNOLOGY AND CONSUMER STIDIES"
"AEX 323","Intro. to Managing Agriculture and Rural Projects","Njala Campus",Undergraduate,"INSTITUTE OF FOOD TECHNOLOGY AND CONSUMER STIDIES"
"SOS 4111","Integrated Soil Fertility Management and Conservation","Njala Campus",Undergraduate,"INSTITUTE OF FOOD TECHNOLOGY AND CONSUMER STIDIES"
"SOS 4112","Land Suitability Assessment and Agriculture Land use Planning","Njala Campus",Undergraduate,"INSTITUTE OF FOOD TECHNOLOGY AND CONSUMER STIDIES"
"SOS 4113","Remote Sensing and GIS in Soil Science","Njala Campus",Undergraduate,"INSTITUTE OF FOOD TECHNOLOGY AND CONSUMER STIDIES"
"SOS 4114","Industrial Soil Science","Njala Campus",Undergraduate,"INSTITUTE OF FOOD TECHNOLOGY AND CONSUMER STIDIES"
"SOS 4115","Environmental Soil Science","Njala Campus",Undergraduate,"INSTITUTE OF FOOD TECHNOLOGY AND CONSUMER STIDIES"
"SOS 4116","Sustainable Utilization and Management of Soil Resources","Njala Campus",Undergraduate,"INSTITUTE OF FOOD TECHNOLOGY AND CONSUMER STIDIES"
"NAD 211","Community health and public health Nutrition","Njala Campus",Undergraduate,"AGRIBUSINESS MANAGEMENT"
"NAD 224","Nutrition and Dietetics","Njala Campus",Undergraduate,"AGRIBUSINESS MANAGEMENT"
"FTN 223","Food Microbiology","Njala Campus",Undergraduate,"AGRIBUSINESS MANAGEMENT"
"FTN 222","Food Toxicology Additives and Labeling","Njala Campus",Undergraduate,"AGRIBUSINESS MANAGEMENT"
"EED 301","Entrepreneurship Education","Njala Campus",Undergraduate,"AGRIBUSINESS MANAGEMENT"
"NAD 316","Clinical Nutrition","Njala Campus",Undergraduate,"AGRIBUSINESS MANAGEMENT"
"NAD 317","Diet and Nutrition Therapy I","Njala Campus",Undergraduate,"AGRIBUSINESS MANAGEMENT"
"NAD 319","Nutrition Assessment","Njala Campus",Undergraduate,"AGRIBUSINESS MANAGEMENT"
"NAD 315","Nutrition and Diseases","Njala Campus",Undergraduate,"AGRIBUSINESS MANAGEMENT"
"NAD 318","Introduction to Pharmacology","Njala Campus",Undergraduate,"AGRIBUSINESS MANAGEMENT"
"NAD 3110","Human Nutrition","Njala Campus",Undergraduate,"AGRIBUSINESS MANAGEMENT"
"NAD 3212","Food Composition","Njala Campus",Undergraduate,"AGRIBUSINESS MANAGEMENT"
"NAD 3213","Diet and Nutrition Therapy II","Njala Campus",Undergraduate,"AGRIBUSINESS MANAGEMENT"
"FTN 3210","Food Analysis {Biochemistry}","Njala Campus",Undergraduate,"AGRIBUSINESS MANAGEMENT"
"NFT 3211","Food Marketing","Njala Campus",Undergraduate,"AGRIBUSINESS MANAGEMENT"
"HEC 325","Research Method","Njala Campus",Undergraduate,"AGRIBUSINESS MANAGEMENT"
"EED 302","Entrepreneurship Education","Njala Campus",Undergraduate,"AGRIBUSINESS MANAGEMENT"
"NAD 3211","Nutrition Education","Njala Campus",Undergraduate,"AGRIBUSINESS MANAGEMENT"
"NAD 4115","Biochemistry of Micronutrients","Njala Campus",Undergraduate,"AGRIBUSINESS MANAGEMENT"
"NAD 4116","Diet and Physiological Status","Njala Campus",Undergraduate,"AGRIBUSINESS MANAGEMENT"
"NAD 4113","Sensory Evaluation","Njala Campus",Undergraduate,"AGRIBUSINESS MANAGEMENT"
"HEC 4111","Research Methods","Njala Campus",Undergraduate,"AGRIBUSINESS MANAGEMENT"
"NAD 4114","Food Lans and Legislation","Njala Campus",Undergraduate,"AGRIBUSINESS MANAGEMENT"
"NRF 321","Logging and Ergonomics","Njala Campus",Undergraduate,"AGRICULTURAL ENGINEERING"
"NRF 322","Urban Forestry","Njala Campus",Undergraduate,"AGRICULTURAL ENGINEERING"
"NRF 323","Forest Fire Ecology and Management","Njala Campus",Undergraduate,"AGRICULTURAL ENGINEERING"
"NRF 324","Forest Entomology and Pathology","Njala Campus",Undergraduate,"AGRICULTURAL ENGINEERING"
"NRF 325","Soil Water Resources and Catchment Forestry","Njala Campus",Undergraduate,"AGRICULTURAL ENGINEERING"
"NRF 326","Wood processing and Utilization","Njala Campus",Undergraduate,"AGRICULTURAL ENGINEERING"
"CHEM 121","General Chemistry II","Njala Campus",Undergraduate,"FORESTRY AND WOOD SCIENCE"
"MATH 121","Intro. to Calculus, Applied Mathematics & Statistics","Njala Campus",Undergraduate,"FORESTRY AND WOOD SCIENCE"
"PHYS 121","Geometrical Optic, Waves, Magnetism & Electricity","Njala Campus",Undergraduate,"FORESTRY AND WOOD SCIENCE"
"BIOL 121","Introduction to Botany & Zoology","Njala Campus",Undergraduate,"FORESTRY AND WOOD SCIENCE"
"ENGL 121","English Language","Njala Campus",Undergraduate,"FORESTRY AND WOOD SCIENCE"
"ICT 121","Information and Communication Technology (ICT)","Njala Campus",Undergraduate,"FORESTRY AND WOOD SCIENCE"
"NRM 121","Introduction to Natural Resources Management II","Njala Campus",Undergraduate,"FORESTRY AND WOOD SCIENCE"
"NRM 221","Sustainable Natural Resources Management","Njala Campus",Undergraduate,"FORESTRY AND WOOD SCIENCE"
"NRM 222","Plant and Animal Systematics and Taxonomy","Njala Campus",Undergraduate,"FORESTRY AND WOOD SCIENCE"
"NRM 223","Wildlife Management & Population Analysis","Njala Campus",Undergraduate,"FORESTRY AND WOOD SCIENCE"
"NRM 224","Natural Resources Degradation, Depletion and Conservation","Njala Campus",Undergraduate,"FORESTRY AND WOOD SCIENCE"
"NRM 225","Agroforestiy and Silviculture","Njala Campus",Undergraduate,"FORESTRY AND WOOD SCIENCE"
"NRM 226 a","Wood Properties and End Use","Njala Campus",Undergraduate,"FORESTRY AND WOOD SCIENCE"
"NRM 226 b","Vertebrate Biology","Njala Campus",Undergraduate,"FORESTRY AND WOOD SCIENCE"
"NRM 226 c","Invasive Species Ecology and Management","Njala Campus",Undergraduate,"FORESTRY AND WOOD SCIENCE"
"NRM 226 d","Plant Propagation","Njala Campus",Undergraduate,"FORESTRY AND WOOD SCIENCE"
"HMT 121","General Mathematics","Njala Campus","Higher Diploma",CHEMISTRY
"HPH 121","General Physics","Njala Campus","Higher Diploma",CHEMISTRY
"HCH 121","General Chemistry","Njala Campus","Higher Diploma",CHEMISTRY
"HAX 121","Introduction to Extension and Rural","Njala Campus","Higher Diploma",CHEMISTRY
"HCO 121",Sociology,"Njala Campus","Higher Diploma",CHEMISTRY
"HBI 121","English Language","Njala Campus","Higher Diploma",CHEMISTRY
"HWB 121","General Biology","Njala Campus","Higher Diploma",CHEMISTRY
"HAE 121","Introduction to Wildlife management Introduction to Micro and Macro Economics","Njala Campus","Higher Diploma",CHEMISTRY
HAX221,"Communication in Extension","Njala Campus","Higher Diploma",CHEMISTRY
"HCP 221","Weed science and control","Njala Campus","Higher Diploma",CHEMISTRY
HAF221,"Fish pond construction","Njala Campus","Higher Diploma",CHEMISTRY
"HWS 221","Wood Science","Njala Campus","Higher Diploma",CHEMISTRY
"HFO 226","Community Forestry","Njala Campus","Higher Diploma",CHEMISTRY
"HFO 227","Forest Mensuration","Njala Campus","Higher Diploma",CHEMISTRY
"HFO 228","Seed collection, processing & storage","Njala Campus","Higher Diploma",CHEMISTRY
"HFO 229","Forest Practice","Njala Campus","Higher Diploma",CHEMISTRY
"HFO 326","Tree improvement","Njala Campus","Higher Diploma",CHEMISTRY
"HFO 327","Marketing of forest products","Njala Campus","Higher Diploma",CHEMISTRY
"HFO 328","Forest conservation","Njala Campus","Higher Diploma",CHEMISTRY
"HFO 329","Forest policy and Law","Njala Campus","Higher Diploma",CHEMISTRY
"OFO 225","Forest management","Njala Campus","Diplomas and Certificates",PHYSICS
"OFO 226","Forest Law, Policy & Administration","Njala Campus","Diplomas and Certificates",PHYSICS
"OFO 227","Forest Utilization","Njala Campus","Diplomas and Certificates",PHYSICS
"OAE 221","Agricultural marketing","Njala Campus","Diplomas and Certificates",PHYSICS
"OFO 228","PROJECT/REPORT WRITING","Njala Campus","Diplomas and Certificates",PHYSICS
"CHORT 111","Introduction to English Language","Njala Campus",Certificates,"MATHEMATICS AND STATISTICS"
"CHORT 112","Introduction to Mathematics","Njala Campus",Certificates,"MATHEMATICS AND STATISTICS"
"CHORT 113","Introduction to General Science","Njala Campus",Certificates,"MATHEMATICS AND STATISTICS"
"CHORT 114","Introduction to Horticulture","Njala Campus",Certificates,"MATHEMATICS AND STATISTICS"
"CHORT 115","Introduction to Soil Science","Njala Campus",Certificates,"MATHEMATICS AND STATISTICS"
"CHORT 116","Introduction to Nursery Management","Njala Campus",Certificates,"MATHEMATICS AND STATISTICS"
"CHORT 117","Introduction to Plant Botany","Njala Campus",Certificates,"MATHEMATICS AND STATISTICS"
"CHORT 118","Introduction to Landscape Management","Njala Campus",Certificates,"MATHEMATICS AND STATISTICS"
"CHORT 211","Introduction to horticultural crop processing","Njala Campus",Certificates,"MATHEMATICS AND STATISTICS"
"CHORT 212","Introduction to plant health","Njala Campus",Certificates,"MATHEMATICS AND STATISTICS"
"CHORT 213","Introduction to Seed Technology","Njala Campus",Certificates,"MATHEMATICS AND STATISTICS"
"CHORT 214","Introduction  to Garden Design","Njala Campus",Certificates,"MATHEMATICS AND STATISTICS"
"CHORT 215","Introduction to Environmental Horticulture","Njala Campus",Certificates,"MATHEMATICS AND STATISTICS"
"CHORT 216","Introduction to organic Farming","Njala Campus",Certificates,"MATHEMATICS AND STATISTICS"
"CHORT 217","Introduction to plant Structure","Njala Campus",Certificates,"MATHEMATICS AND STATISTICS"
CHORT218,"Introduction to landscape Horticulture II","Njala Campus",Certificates,"MATHEMATICS AND STATISTICS"
"OHORT 111","Principles of Plant Function","Njala Campus","Diplomas and Certificates","CROP SCIENCE"
"OHORT 112","Introduction to Plant Health","Njala Campus","Diplomas and Certificates","CROP SCIENCE"
"0B10 113","General Biology","Njala Campus","Diplomas and Certificates","CROP SCIENCE"
"OMATH 114","General Mathematics","Njala Campus","Diplomas and Certificates","CROP SCIENCE"
"OCHEM 115","General Chemistry","Njala Campus","Diplomas and Certificates","CROP SCIENCE"
"0 PHYl 16","General Physics","Njala Campus","Diplomas and Certificates","CROP SCIENCE"
"OGEST 117","Communication skills","Njala Campus","Diplomas and Certificates","CROP SCIENCE"
"OHORT 211","Int. to Nursery Management","Njala Campus","Diplomas and Certificates","CROP SCIENCE"
"OHORT 212","Int. to Soil Science","Njala Campus","Diplomas and Certificates","CROP SCIENCE"
"OHORT 213","Int. to Landscape Design","Njala Campus","Diplomas and Certificates","CROP SCIENCE"
OHORT214,"Int. to Tree Amenity management","Njala Campus","Diplomas and Certificates","CROP SCIENCE"
OHORT215,"Int. to Turf-Grass Science & Management","Njala Campus","Diplomas and Certificates","CROP SCIENCE"
"OHORT 216","Int. to Seed Technology & Management","Njala Campus","Diplomas and Certificates","CROP SCIENCE"
OHORT217,"Int to Pesticide Science & Safety Measures","Njala Campus","Diplomas and Certificates","CROP SCIENCE"
"HBIO 111","General Biology","Njala Campus","Higher Diploma","ANIMAL SCIENCE"
"HMATH 111","General Mathematics","Njala Campus","Higher Diploma","ANIMAL SCIENCE"
"HCHEM 111","General Chemistry","Njala Campus","Higher Diploma","ANIMAL SCIENCE"
"HPHYl 11","General Physics","Njala Campus","Higher Diploma","ANIMAL SCIENCE"
"HCOM 111","Communication skills","Njala Campus","Higher Diploma","ANIMAL SCIENCE"
"HHORT 111","Introduction to Horticulture","Njala Campus","Higher Diploma","ANIMAL SCIENCE"
"HBOT 111","Introduction to Plant Botany","Njala Campus","Higher Diploma","ANIMAL SCIENCE"
"HHORT 211","Introduction to Turf Grass Sci.","Njala Campus","Higher Diploma","ANIMAL SCIENCE"
"HHORT 212","Principles of Hort.Crop Prod.","Njala Campus","Higher Diploma","ANIMAL SCIENCE"
"HHORT 213","Introduction to Landscape Hort.","Njala Campus","Higher Diploma","ANIMAL SCIENCE"
"HHORT 214","Introduction to Amenity Hort.","Njala Campus","Higher Diploma","ANIMAL SCIENCE"
"HHORT 215","Plant Taxonomy","Njala Campus","Higher Diploma","ANIMAL SCIENCE"
"HHORT 216","Introduction to Rural Sociology","Njala Campus","Higher Diploma","ANIMAL SCIENCE"
"HHORT 217","Introduction to vegetable Prod.","Njala Campus","Higher Diploma","ANIMAL SCIENCE"
"HSOS 211","Introduction to Soil Science","Njala Campus","Higher Diploma","ANIMAL SCIENCE"
"HHORT 311","Advanced Turfgrass Science & Mgt.","Njala Campus","Higher Diploma","ANIMAL SCIENCE"
"HHORT 312","Processing of Hort. Produce","Njala Campus","Higher Diploma","ANIMAL SCIENCE"
"HHORT 313","Advanced Amenity Horticulture","Njala Campus","Higher Diploma","ANIMAL SCIENCE"
"HHORT 314","Vegetable Production & Mgmt.","Njala Campus","Higher Diploma","ANIMAL SCIENCE"
"HHORT 315","Fruit Crop Production & Mgt","Njala Campus","Higher Diploma","ANIMAL SCIENCE"
"HHORT 316","Horticultural Plant Propagation","Njala Campus","Higher Diploma","ANIMAL SCIENCE"
"HHORT 317","Principles of Garden Design","Njala Campus","Higher Diploma","ANIMAL SCIENCE"
"HORT 311","Principles of Crop production","Njala Campus",Undergraduate,"COMUTER SCIENCE AND INFORMATION TECHNOLOGY"
"HORT 312","Principles of plant  propagation","Njala Campus",Undergraduate,"COMUTER SCIENCE AND INFORMATION TECHNOLOGY"
"HORT 313","Landscape studies","Njala Campus",Undergraduate,"COMUTER SCIENCE AND INFORMATION TECHNOLOGY"
"HORT 314","Vegetable production","Njala Campus",Undergraduate,"COMUTER SCIENCE AND INFORMATION TECHNOLOGY"
"HORT 315","Turf Grass Science & Mgt.","Njala Campus",Undergraduate,"COMUTER SCIENCE AND INFORMATION TECHNOLOGY"
"HORT 316","Environmental Horticulture","Njala Campus",Undergraduate,"COMUTER SCIENCE AND INFORMATION TECHNOLOGY"
"EED 301","Entrepreneurship Education","Njala Campus",Undergraduate,"COMUTER SCIENCE AND INFORMATION TECHNOLOGY"
"HORT 411","Landscape Horticulture","Njala Campus",Undergraduate,"COMUTER SCIENCE AND INFORMATION TECHNOLOGY"
"HORT 412","Postharvest Horticulture","Njala Campus",Undergraduate,"COMUTER SCIENCE AND INFORMATION TECHNOLOGY"
"HORT 413","Floriculture Production","Njala Campus",Undergraduate,"COMUTER SCIENCE AND INFORMATION TECHNOLOGY"
"HORT 414","Tree Fruit Production & Mgt.","Njala Campus",Undergraduate,"COMUTER SCIENCE AND INFORMATION TECHNOLOGY"
"HORT 415","Plant Pests and Diseases Mangt.","Njala Campus",Undergraduate,"COMUTER SCIENCE AND INFORMATION TECHNOLOGY"
"HORT 416","Introduction to Scientific writing","Njala Campus",Undergraduate,"COMUTER SCIENCE AND INFORMATION TECHNOLOGY"
"HORT 417a","Plant Biotechnology","Njala Campus",Undergraduate,"COMUTER SCIENCE AND INFORMATION TECHNOLOGY"
"HORT 417b","Green House Management","Njala Campus",Undergraduate,"COMUTER SCIENCE AND INFORMATION TECHNOLOGY"
"HORT 417c","Cultural Heritage Management","Njala Campus",Undergraduate,"COMUTER SCIENCE AND INFORMATION TECHNOLOGY"
"HORT 418d","Project Planning, Analysis &Evaluation","Njala Campus",Undergraduate,"COMUTER SCIENCE AND INFORMATION TECHNOLOGY"
"BIOL 415","Aquatic & Marine Biology","Njala Campus",Undergraduate,"AGRICULTURAL ENGINEERING"
"WLMC 412","Captive Breeding & Reintroduction Techniques","Njala Campus",Undergraduate,"AGRICULTURAL ENGINEERING"
"WLMC 413","Wildlife Legislation & Administration","Njala Campus",Undergraduate,"AGRICULTURAL ENGINEERING"
"WLMC 414","Environmental and Social Impact Assesament","Njala Campus",Undergraduate,"AGRICULTURAL ENGINEERING"
"WLSMC 415","Climate Change, Adaptation and Mitigation","Njala Campus",Undergraduate,"AGRICULTURAL ENGINEERING"
"WLMC 416","Entomology ","Njala Campus",Undergraduate,"AGRICULTURAL ENGINEERING"
"WEMC 417","Evolutionary Ecology of West African Mammals ","Njala Campus",Undergraduate,"AGRICULTURAL ENGINEERING"
"HSS 216","Field experimentation and Data Analysis","Njala Campus",Undergraduate,"AGRICULTURAL ENGINEERING"
"HCP 211","Plant pathology and Entomology","Njala Campus",Undergraduate,"AGRICULTURAL ENGINEERING"
"HWL 201","Wildlife Utilization (linked to economics)","Njala Campus",Undergraduate,"AGRICULTURAL ENGINEERING"
"HWI. 211","Human Populations/Actions and Conservation","Njala Campus",Undergraduate,"AGRICULTURAL ENGINEERING"
"HWL 212","GPS and Basic GIS","Njala Campus",Undergraduate,"AGRICULTURAL ENGINEERING"
"HWL 213","Population Management","Njala Campus",Undergraduate,"AGRICULTURAL ENGINEERING"
"HWL 214","Wildlife Nutrition","Njala Campus",Undergraduate,"AGRICULTURAL ENGINEERING"
"BIOL 317","Conservation Biology","Njala Campus",Undergraduate,"AGRICULTURAL ENGINEERING"
"WLMC 311",Ornithology,"Njala Campus",Undergraduate,"AGRICULTURAL ENGINEERING"
"WLMC 314","General Genetic","Njala Campus",Undergraduate,"AGRICULTURAL ENGINEERING"
"WLMC 312","Wildlife Populations Biology","Njala Campus",Undergraduate,"AGRICULTURAL ENGINEERING"
"EED 317","Entrepreneurship Education","Njala Campus",Undergraduate,"AGRICULTURAL ENGINEERING"
"WLMC 313","Wildlife Ecology and Management","Njala Campus",Undergraduate,"AGRICULTURAL ENGINEERING"
"BIO 313",Biostatistics/Bioinformatics,"Njala Campus",Undergraduate,"AGRICULTURAL ENGINEERING"
"WLMC 315","Wildlife Field Techniques","Njala Campus",Undergraduate,"AGRICULTURAL ENGINEERING"
"HNIT 111","General mathematics 1","Njala Campus","Higher Diploma","CROP PROTECTION"
"HPH 111","General Physics 1","Njala Campus","Higher Diploma","CROP PROTECTION"
"HBH 111","General Biology 1","Njala Campus","Higher Diploma","CROP PROTECTION"
"HCO 111","Communication Skills 1","Njala Campus","Higher Diploma","CROP PROTECTION"
"HSS 111","Introduction to Soil Science","Njala Campus","Higher Diploma","CROP PROTECTION"
"HWLM 111","General wildlife conservation and management","Njala Campus","Higher Diploma","CROP PROTECTION"
"HSS 216","Field experimentation and Data Analysis","Njala Campus","Higher Diploma","CROP PROTECTION"
"HCP 211","Plant pathology and Entomology","Njala Campus","Higher Diploma","CROP PROTECTION"
"HWL 201","Wildlife Utilization (linked to economics)","Njala Campus","Higher Diploma","CROP PROTECTION"
HWL.211,"Human Populations/Actions and Conservation","Njala Campus","Higher Diploma","CROP PROTECTION"
"HWL 212","GPS and Basic GIS","Njala Campus","Higher Diploma","CROP PROTECTION"
"HWL 213","Population Management","Njala Campus","Higher Diploma","CROP PROTECTION"
"HWL 214","Wildlife Nutrition","Njala Campus","Higher Diploma","CROP PROTECTION"
"OB1 111","General Biology","Njala Campus","Diplomas and Certificates","SOIL SCIENCE"
"OPH 111","General Physics","Njala Campus","Diplomas and Certificates","SOIL SCIENCE"
"OMT 111","General Mathematics","Njala Campus","Diplomas and Certificates","SOIL SCIENCE"
"OCS 111","Communication Skills","Njala Campus","Diplomas and Certificates","SOIL SCIENCE"
"OWLM 111","Introduction to wildlife management","Njala Campus","Diplomas and Certificates","SOIL SCIENCE"
"OFO 111","Introduction to Forestry","Njala Campus","Diplomas and Certificates","SOIL SCIENCE"
"OWLE 111","Wildlife Ecology","Njala Campus","Diplomas and Certificates","SOIL SCIENCE"
"OAQ 111","Introduction to Aquaculture and Fish ecology","Njala Campus","Diplomas and Certificates","SOIL SCIENCE"
"OWLM 211","Wildlife conservation","Njala Campus","Diplomas and Certificates","SOIL SCIENCE"
"OAX 221","Rural sociology and community development","Njala Campus","Diplomas and Certificates","SOIL SCIENCE"
"OCO 212","Report writing","Njala Campus","Diplomas and Certificates","SOIL SCIENCE"
"OWLM 222","Wildlife Management","Njala Campus","Diplomas and Certificates","SOIL SCIENCE"
"OWLM 232","Wildlife Capture and Translocation","Njala Campus","Diplomas and Certificates","SOIL SCIENCE"
"OWLM 242","Habitat assessment","Njala Campus","Diplomas and Certificates","SOIL SCIENCE"
"OFM 202","Fisheries Management","Njala Campus","Diplomas and Certificates","SOIL SCIENCE"
"OFO 211",Silviculture,"Njala Campus","Diplomas and Certificates","SOIL SCIENCE"
"ICT 111","Information and Communication Technology ","Njala Campus",Undergraduate,"MATHEMATICS AND STATISTICS"
PHYS111,"General Physics I - Core","Njala Campus",Undergraduate,"MATHEMATICS AND STATISTICS"
GEOG-111,"Introduction to Physical Geography - Core","Njala Campus",Undergraduate,"MATHEMATICS AND STATISTICS"
BIOL111,"Introduction to Cell Biology, Physiology Genetics and Microbiology - Core","Njala Campus",Undergraduate,"MATHEMATICS AND STATISTICS"
CHEM127,"Experimental Chemistry I","Njala Campus",Undergraduate,"MATHEMATICS AND STATISTICS"
GEST122,"General English Language Studies - Core","Njala Campus",Undergraduate,"MATHEMATICS AND STATISTICS"
MATH121,"Calculus Probability and Statistics - Core","Njala Campus",Undergraduate,"MATHEMATICS AND STATISTICS"
GEOG.123,"Introduction to Human Geography and Regional Geography ","Njala Campus",Undergraduate,"MATHEMATICS AND STATISTICS"
CHEM129,"Experiment Chemistry II","Njala Campus",Undergraduate,"MATHEMATICS AND STATISTICS"
CHEM2110,"Basic Organic Chemistry I - Core","Njala Campus",Undergraduate,"MATHEMATICS AND STATISTICS"
CHEM.2111,"introduction to analytical chemistry - Core","Njala Campus",Undergraduate,"MATHEMATICS AND STATISTICS"
"CHEM. 2118","Basic Inorganic Chemistry - Core","Njala Campus",Undergraduate,"MATHEMATICS AND STATISTICS"
CHEM.2112,"Spectroscopy - Core","Njala Campus",Undergraduate,"MATHEMATICS AND STATISTICS"
GEST213,"General English Language Studies - Core","Njala Campus",Undergraduate,"MATHEMATICS AND STATISTICS"
"PHYS 21X","Energy - Core","Njala Campus",Undergraduate,"MATHEMATICS AND STATISTICS"
MATH.21X,"Calculus I - Core","Njala Campus",Undergraduate,"MATHEMATICS AND STATISTICS"
CHEM2213,"Basic Organic Chemistry 11 - Core","Njala Campus",Undergraduate,"MATHEMATICS AND STATISTICS"
"CHEM. 2215","Chemical Equilibrium and Phase Equilibria ","Njala Campus",Undergraduate,"MATHEMATICS AND STATISTICS"
CHEM.2218," Group Chemistry ","Njala Campus",Undergraduate,"MATHEMATICS AND STATISTICS"
"CHEM.2225 ","TOXICOLOGICAL CHEMISTRY","Njala Campus",Undergraduate,"MATHEMATICS AND STATISTICS"
"GEST 223","General English Language Studies - Compulsory","Njala Campus",Undergraduate,"MATHEMATICS AND STATISTICS"
MATH.22X,"Sampling - Core","Njala Campus",Undergraduate,"MATHEMATICS AND STATISTICS"
"CHEM  227","Experimental Chemistry - Core","Njala Campus",Undergraduate,"MATHEMATICS AND STATISTICS"
CHEM3136,"Biological Chemistry - Core","Njala Campus",Undergraduate,"MATHEMATICS AND STATISTICS"
CHEM.3137,"Transition Metal Chemistry  ","Njala Campus",Undergraduate,"MATHEMATICS AND STATISTICS"
CHEM.3138,"Thermodynamics and Kinetic Theory ","Njala Campus",Undergraduate,"MATHEMATICS AND STATISTICS"
CHEM.3139,"Stereochemistry ","Njala Campus",Undergraduate,"MATHEMATICS AND STATISTICS"
CHEM.3140,"Nuclear and Photochemistry - Core","Njala Campus",Undergraduate,"MATHEMATICS AND STATISTICS"
CHEM.3157,"RESEARC METHODOLOGY IN SCIENTIFIC WRITING - Core","Njala Campus",Undergraduate,"MATHEMATICS AND STATISTICS"
"EED 301","Entrepreneurship Education - Core","Njala Campus",Undergraduate,"MATHEMATICS AND STATISTICS"
CHEM.3242,"Electrochemistry and Reaction Kinetics - Core","Njala Campus",Undergraduate,"MATHEMATICS AND STATISTICS"
"CHEM 3032","Practical Project - Core","Njala Campus",Undergraduate,"MATHEMATICS AND STATISTICS"
CHEM.3241,"Organic Reaction Mechanisms - Core","Njala Campus",Undergraduate,"MATHEMATICS AND STATISTICS"
CHEM.3243,"Natural Product Chemistry - Core","Njala Campus",Undergraduate,"MATHEMATICS AND STATISTICS"
CHEM.3244,"Coordination Chemistry - Core","Njala Campus",Undergraduate,"MATHEMATICS AND STATISTICS"
"EED  302","Entrepreneurship Education ","Njala Campus",Undergraduate,"MATHEMATICS AND STATISTICS"
"CHEM 4145","Applied Spectroscopy - Core","Njala Campus",Undergraduate,"MATHEMATICS AND STATISTICS"
CHEM.4147,"Instrumental Methods of Analyses - Core","Njala Campus",Undergraduate,"MATHEMATICS AND STATISTICS"
CHEM.4148,"Molecular Spectra - Core","Njala Campus",Undergraduate,"MATHEMATICS AND STATISTICS"
CHEM.4149,"Theoretical Inorganic Chemistry - Core","Njala Campus",Undergraduate,"MATHEMATICS AND STATISTICS"
CHEM.4146,"Bio-inorganic Chemistry - Core","Njala Campus",Undergraduate,"MATHEMATICS AND STATISTICS"
"CHEM 421:","Organometallic Chemistry and Inorganic Reaction Mechanism - Core","Njala Campus",Undergraduate,"MATHEMATICS AND STATISTICS"
ECHEM.4140,"Laboratory Chemistry - Core","Njala Campus",Undergraduate,"MATHEMATICS AND STATISTICS"
